{"cameraMode":{"drawMode":0,"name":"Shaded","section":"Shading Mode"},"sceneLighting":true,"audioPlay":false,"sceneViewState":{"m_AlwaysRefresh":false,"showFog":true,"showSkybox":true,"showFlares":true,"showImageEffects":true,"showParticleSystems":true,"showVisualEffectGraphs":true,"m_FxEnabled":true},"in2DMode":false,"pivot":{"x":-10.369999885559082,"y":2.759999990463257,"z":18.790000915527345},"rotation":{"x":0.22840923070907594,"y":-0.5606652498245239,"z":0.16445235908031465,"w":0.778732419013977},"size":1.8173120021820069,"orthographic":false}