{"cameraMode":{"drawMode":0,"name":"Shaded","section":"Shading Mode"},"sceneLighting":false,"audioPlay":false,"sceneViewState":{"m_AlwaysRefresh":false,"showFog":true,"showSkybox":false,"showFlares":true,"showImageEffects":true,"showParticleSystems":true,"showVisualEffectGraphs":true,"m_FxEnabled":true},"in2DMode":false,"pivot":{"x":0.5530446171760559,"y":1.1197850704193116,"z":0.06432698667049408},"rotation":{"x":0.3641507923603058,"y":-0.6053145527839661,"z":0.36689695715904238,"w":0.606529176235199},"size":0.9249070882797241,"orthographic":false}