{"cameraMode":{"drawMode":0,"name":"Shaded","section":"Shading Mode"},"sceneLighting":false,"audioPlay":false,"sceneViewState":{"m_AlwaysRefresh":false,"showFog":true,"showSkybox":false,"showFlares":true,"showImageEffects":true,"showParticleSystems":true,"showVisualEffectGraphs":true,"m_FxEnabled":true},"in2DMode":false,"pivot":{"x":-0.13999998569488526,"y":0.10000324249267578,"z":2.3499999046325685},"rotation":{"x":0.43117839097976687,"y":-0.5634042024612427,"z":0.4430137574672699,"w":0.5482261776924133},"size":2.5245532989501955,"orthographic":true}