{"cameraMode":{"drawMode":0,"name":"Shaded","section":"Shading Mode"},"sceneLighting":false,"audioPlay":false,"sceneViewState":{"m_AlwaysRefresh":false,"showFog":true,"showSkybox":false,"showFlares":true,"showImageEffects":true,"showParticleSystems":true,"showVisualEffectGraphs":true,"m_FxEnabled":true},"in2DMode":false,"pivot":{"x":-1.9027316570281983,"y":0.3199999928474426,"z":4.179999828338623},"rotation":{"x":0.3340308964252472,"y":-0.03392622247338295,"z":0.012034643441438675,"w":0.9418678879737854},"size":1.1633156538009644,"orthographic":false}