{"cameraMode":{"drawMode":0,"name":"Shaded","section":"Shading Mode"},"sceneLighting":false,"audioPlay":false,"sceneViewState":{"m_AlwaysRefresh":false,"showFog":true,"showSkybox":false,"showFlares":true,"showImageEffects":true,"showParticleSystems":true,"showVisualEffectGraphs":true,"m_FxEnabled":true},"in2DMode":false,"pivot":{"x":15.009273529052735,"y":16.45350456237793,"z":43.753631591796878},"rotation":{"x":-0.00791615154594183,"y":0.9911128282546997,"z":-0.11529892683029175,"w":-0.06818769872188568},"size":1.7320549488067628,"orthographic":false}