{"cameraMode":{"drawMode":0,"name":"Shaded","section":"Shading Mode"},"sceneLighting":false,"audioPlay":false,"sceneViewState":{"m_AlwaysRefresh":false,"showFog":true,"showSkybox":false,"showFlares":true,"showImageEffects":true,"showParticleSystems":true,"showVisualEffectGraphs":true,"m_FxEnabled":true},"in2DMode":false,"pivot":{"x":18.831195831298829,"y":10.157699584960938,"z":-4.224596977233887},"rotation":{"x":0.32413700222969057,"y":-0.6735662817955017,"z":0.4903695583343506,"w":0.44976329803466799},"size":26.270702362060548,"orthographic":false}