{"cameraMode":{"drawMode":0,"name":"Shaded","section":"Shading Mode"},"sceneLighting":true,"audioPlay":false,"sceneViewState":{"m_AlwaysRefresh":false,"showFog":true,"showSkybox":true,"showFlares":true,"showImageEffects":true,"showParticleSystems":true,"showVisualEffectGraphs":true,"m_FxEnabled":true},"in2DMode":false,"pivot":{"x":-10.369999885559082,"y":2.759999990463257,"z":18.790000915527345},"rotation":{"x":-0.28376078605651858,"y":0.5129905343055725,"z":-0.18453393876552583,"w":-0.7888322472572327},"size":10.570147514343262,"orthographic":false}