{"cameraMode":{"drawMode":0,"name":"Shaded","section":"Shading Mode"},"sceneLighting":false,"audioPlay":false,"sceneViewState":{"m_AlwaysRefresh":false,"showFog":true,"showSkybox":false,"showFlares":true,"showImageEffects":true,"showParticleSystems":true,"showVisualEffectGraphs":true,"m_FxEnabled":true},"in2DMode":false,"pivot":{"x":23.441465377807618,"y":1.2949520349502564,"z":21.498275756835939},"rotation":{"x":0.39508891105651858,"y":-0.5815938711166382,"z":0.38387688994407656,"w":0.5985924005508423},"size":2.8752169609069826,"orthographic":true}