{"cameraMode":{"drawMode":0,"name":"Shaded","section":"Shading Mode"},"sceneLighting":false,"audioPlay":false,"sceneViewState":{"m_AlwaysRefresh":false,"showFog":true,"showSkybox":false,"showFlares":true,"showImageEffects":true,"showParticleSystems":true,"showVisualEffectGraphs":true,"m_FxEnabled":true},"in2DMode":false,"pivot":{"x":35.68000030517578,"y":1.6286885738372803,"z":19.540000915527345},"rotation":{"x":0.16306069493293763,"y":-0.7494612336158752,"z":0.2004968374967575,"w":0.6095367074012756},"size":2.4264302253723146,"orthographic":true}