{"cameraMode":{"drawMode":0,"name":"Shaded","section":"Shading Mode"},"sceneLighting":false,"audioPlay":false,"sceneViewState":{"m_AlwaysRefresh":false,"showFog":true,"showSkybox":false,"showFlares":true,"showImageEffects":true,"showParticleSystems":true,"showVisualEffectGraphs":true,"m_FxEnabled":true},"in2DMode":false,"pivot":{"x":161.5177764892578,"y":8.192028045654297,"z":24.290618896484376},"rotation":{"x":0.45383650064468386,"y":-0.5453428626060486,"z":0.47473588585853579,"w":0.5211018919944763},"size":10.226799011230469,"orthographic":true}